{
  "GameId": 3,
  "Name": "8-6-4 dices",
  "VisualLayoutId": 3,
  "DiceList": [
    {
      "Count": 1,
      "Sides": 8
    },
    {
      "Count": 1,
      "Sides": 6
    },
    {
      "Count": 1,
      "Sides": 4
    }
  ],
  "WagersList": [
    {
      "Amount": 50,
      "WagerVisualId": 3
    },
    {
      "Amount": 100,
      "WagerVisualId": 4
    },
    {
      "Amount": 150,
      "WagerVisualId": 1
    },
    {
      "Amount": 200,
      "WagerVisualId": 2
    },
    {
      "Amount": 250,
      "WagerVisualId": 3
    }
  ],
  "BetTypes": [
    {
      "ShowBet": true,
      "BetTypeGroupId": 1,
      "BetName": "Small/Big",
      "BetDetails": [
        {
          "ShowBet": true,
          "BetId": 1,
          "BetName": "Small",
          "Multiplier": 2,
          "MinRange": 3,
          "MaxRange": 8
        },
        {
          "ShowBet": true,
          "BetId": 2,
          "BetName": "Big",
          "Multiplier": 2,
          "MinRange": 9,
          "MaxRange": 16
        }
      ]
    },
    {
      "ShowBet": true,
      "BetTypeGroupId": 2,
      "BetName": "Pairs",
      "BetDetails": [
        {
          "ShowBet": true,
          "BetId": 3,
          "BetName": "Pairs",
          "Multiplier": 4
        }
      ]
    },
    {
      "ShowBet": true,
      "BetTypeGroupId": 3,
      "BetName": "Odd/Even",
      "BetDetails": [
        {
          "ShowBet": true,
          "BetId": 4,
          "BetName": "Odd",
          "Multiplier": 2
        },
        {
          "ShowBet": true,
          "BetId": 5,
          "BetName": "Even",
          "Multiplier": 2
        }
      ]
    },
    {
      "ShowBet": false,
      "BetTypeGroupId": 4,
      "BetName": "Any Quadruple",
      "BetDetails": [
        {
          "ShowBet": true,
          "BetId": 6,
          "BetName": "Any Quadruple",
          "Multiplier": 8
        }
      ]
    },
    {
      "ShowBet": true,
      "BetTypeGroupId": 5,
      "BetName": "Any Number",
      "BetDetails": [
        {
          "ShowBet": true,
          "BetId": 7,
          "BetName": "1",
          "Multiplier": 2,
          "NumberExistValue": 1
        },
        {
          "ShowBet": true,
          "BetId": 8,
          "BetName": "2",
          "Multiplier": 2,
          "NumberExistValue": 2
        },
        {
          "ShowBet": true,
          "BetId": 9,
          "BetName": "3",
          "Multiplier": 2,
          "NumberExistValue": 3
        },
        {
          "ShowBet": true,
          "BetId": 10,
          "BetName": "4",
          "Multiplier": 2,
          "NumberExistValue": 4
        },
        {
          "ShowBet": true,
          "BetId": 11,
          "BetName": "5",
          "Multiplier": 4,
          "NumberExistValue": 5
        },
        {
          "ShowBet": true,
          "BetId": 12,
          "BetName": "6",
          "Multiplier": 4,
          "NumberExistValue": 6
        },
        {
          "ShowBet": true,
          "BetId": 13,
          "BetName": "7",
          "Multiplier": 6,
          "NumberExistValue": 7
        },
        {
          "ShowBet": true,
          "BetId": 14,
          "BetName": "8",
          "Multiplier": 6,
          "NumberExistValue": 8
        },
        {
          "ShowBet": false,
          "BetId": 15,
          "BetName": "9",
          "Multiplier": 4,
          "NumberExistValue": 9
        },
        {
          "ShowBet": false,
          "BetId": 16,
          "BetName": "10",
          "Multiplier": 4,
          "NumberExistValue": 10
        },
        {
          "ShowBet": false,
          "BetId": 17,
          "BetName": "11",
          "Multiplier": 4,
          "NumberExistValue": 11
        },
        {
          "ShowBet": false,
          "BetId": 18,
          "BetName": "12",
          "Multiplier": 4,
          "NumberExistValue": 12
        },
        {
          "ShowBet": false,
          "BetId": 19,
          "BetName": "13",
          "Multiplier": 4,
          "NumberExistValue": 13
        },
        {
          "ShowBet": false,
          "BetId": 20,
          "BetName": "14",
          "Multiplier": 4,
          "NumberExistValue": 14
        },
        {
          "ShowBet": false,
          "BetId": 21,
          "BetName": "15",
          "Multiplier": 4,
          "NumberExistValue": 15
        },
        {
          "ShowBet": false,
          "BetId": 22,
          "BetName": "16",
          "Multiplier": 4,
          "NumberExistValue": 16
        },
        {
          "ShowBet": false,
          "BetId": 23,
          "BetName": "17",
          "Multiplier": 4,
          "NumberExistValue": 17
        },
        {
          "ShowBet": false,
          "BetId": 24,
          "BetName": "18",
          "Multiplier": 4,
          "NumberExistValue": 18
        },
        {
          "ShowBet": false,
          "BetId": 25,
          "BetName": "19",
          "Multiplier": 4,
          "NumberExistValue": 19
        },
        {
          "ShowBet": false,
          "BetId": 26,
          "BetName": "20",
          "Multiplier": 4,
          "NumberExistValue": 20
        }
      ]
    },
    {
      "ShowBet": false,
      "BetTypeGroupId": 6,
      "BetName": "Highest or Lowest Exist",
      "BetDetails": [
        {
          "ShowBet": true,
          "BetId": 27,
          "BetName": "1 or Total",
          "Multiplier": 12,
          "MinValue": 1,
          "MaxValue": 40
        }
      ]
    }
  ]
}