{
  "GameId": 1,
  "VisualLayoutId": 1,
  "DiceList": [
    {
      "Count": 2,
      "Sides": 20
    }
  ],
  "WagersList": [
    {
      "Amount": 10,
      "WagerVisualId": 1
    },
    {
      "Amount": 20,
      "WagerVisualId": 2
    },
    {
      "Amount": 30,
      "WagerVisualId": 3
    },
    {
      "Amount": 40,
      "WagerVisualId": 4
    },
    {
      "Amount": 50,
      "WagerVisualId": 1
    }
  ],
  "BetTypes": [
    {
      "UseBet": true,
      "BetTypeGroupId": 1,
      "BetName": "Small/Big",
      "BetDetails": [
        {
          "UseBet": true,
          "BetId": 1,
          "BetName": "Small",
          "Multiplier": 1
        },
        {
          "UseBet": true,
          "BetId": 2,
          "BetName": "Big",
          "Multiplier": 2
        }
      ]
    },
    {
      "UseBet": true,
      "BetTypeGroupId": 2,
      "BetName": "Pairs",
      "BetDetails": [
        {
          "UseBet": true,
          "BetId": 3,
          "BetName": "Pairs",
          "Multiplier": 2
        }
      ]
    },
    {
      "UseBet": true,
      "BetTypeGroupId": 3,
      "BetName": "Odd/Even",
      "BetDetails": [
        {
          "UseBet": true,
          "BetId": 4,
          "BetName": "Odd",
          "Multiplier": 1
        },
        {
          "UseBet": true,
          "BetId": 5,
          "BetName": "Even",
          "Multiplier": 1
        }
      ]
    },
    {
      "UseBet": false,
      "BetTypeGroupId": 4,
      "BetName": "Any Quadruple",
      "BetDetails": [
        {
          "UseBet": true,
          "BetId": 6,
          "BetName": "Any Quadruple",
          "Multiplier": 8
        }
      ]
    },
    {
      "UseBet": false,
      "BetTypeGroupId": 5,
      "BetName": "Number Exist",
      "BetDetails": [
        {
          "UseBet": true,
          "BetId": 7,
          "BetName": "Number Exist",
          "Multiplier": 4
        }
      ]
    },
    {
      "UseBet": false,
      "BetTypeGroupId": 6,
      "BetName": "Any Number",
      "BetDetails": [
        {
          "UseBet": false,
          "BetId": 8,
          "BetName": "1",
          "Multiplier": 4
        },
        {
          "UseBet": false,
          "BetId": 9,
          "BetName": "2",
          "Multiplier": 4
        },
        {
          "UseBet": false,
          "BetId": 10,
          "BetName": "3",
          "Multiplier": 4
        },
        {
          "UseBet": false,
          "BetId": 11,
          "BetName": "4",
          "Multiplier": 4
        },
        {
          "UseBet": false,
          "BetId": 12,
          "BetName": "5",
          "Multiplier": 4
        },
        {
          "UseBet": false,
          "BetId": 13,
          "BetName": "6",
          "Multiplier": 4
        },
        {
          "UseBet": false,
          "BetId": 14,
          "BetName": "7",
          "Multiplier": 4
        },
        {
          "UseBet": false,
          "BetId": 15,
          "BetName": "8",
          "Multiplier": 4
        },
        {
          "UseBet": false,
          "BetId": 16,
          "BetName": "9",
          "Multiplier": 4
        },
        {
          "UseBet": false,
          "BetId": 17,
          "BetName": "10",
          "Multiplier": 4
        },
        {
          "UseBet": false,
          "BetId": 18,
          "BetName": "11",
          "Multiplier": 4
        },
        {
          "UseBet": false,
          "BetId": 19,
          "BetName": "12",
          "Multiplier": 4
        },
        {
          "UseBet": false,
          "BetId": 20,
          "BetName": "13",
          "Multiplier": 4
        },
        {
          "UseBet": false,
          "BetId": 21,
          "BetName": "14",
          "Multiplier": 4
        },
        {
          "UseBet": false,
          "BetId": 22,
          "BetName": "15",
          "Multiplier": 4
        },
        {
          "UseBet": false,
          "BetId": 23,
          "BetName": "16",
          "Multiplier": 4
        },
        {
          "UseBet": false,
          "BetId": 24,
          "BetName": "17",
          "Multiplier": 4
        },
        {
          "UseBet": false,
          "BetId": 25,
          "BetName": "18",
          "Multiplier": 4
        },
        {
          "UseBet": false,
          "BetId": 26,
          "BetName": "19",
          "Multiplier": 4
        },
        {
          "UseBet": false,
          "BetId": 27,
          "BetName": "20",
          "Multiplier": 4
        }
      ]
    }
  ]
}